"No.","Time","Source","Destination","Protocol","Length","Info"
"1257","3.957632000","10.0.128.201","255.255.255.255","UDP","798","Source port: 5566  Destination port: 7788"
"1258","3.958347000","10.0.129.170","255.255.255.255","UDP","795","Source port: 5566  Destination port: 7788"
"1259","3.958348000","10.0.130.63","255.255.255.255","UDP","796","Source port: 5566  Destination port: 7788"
"1260","3.958348000","10.0.129.60","255.255.255.255","UDP","801","Source port: 5566  Destination port: 7788"
"1261","3.958682000","10.0.130.162","255.255.255.255","UDP","798","Source port: 5566  Destination port: 7788"
"1262","3.958924000","192.168.14.147","255.255.255.255","UDP","804","Source port: 5566  Destination port: 7788"
"1263","3.958925000","10.0.130.149","255.255.255.255","UDP","798","Source port: 5566  Destination port: 7788"
"1264","3.958925000","10.0.129.61","255.255.255.255","UDP","795","Source port: 5566  Destination port: 7788"
"1265","3.958926000","10.0.128.203","255.255.255.255","UDP","796","Source port: 5566  Destination port: 7788"
"1266","3.959104000","10.0.130.97","255.255.255.255","UDP","799","Source port: 5566  Destination port: 7788"
"1267","3.960206000","10.0.130.220","255.255.255.255","UDP","800","Source port: 5566  Destination port: 7788"
"1268","3.960207000","10.0.130.163","255.255.255.255","UDP","798","Source port: 5566  Destination port: 7788"
"1269","3.960207000","10.0.130.216","255.255.255.255","UDP","800","Source port: 5566  Destination port: 7788"
"1270","3.960208000","10.0.130.98","255.255.255.255","UDP","799","Source port: 5566  Destination port: 7788"
"1271","3.960366000","192.168.14.158","255.255.255.255","UDP","804","Source port: 5566  Destination port: 7788"
"1272","3.960991000","10.0.130.153","255.255.255.255","UDP","798","Source port: 5566  Destination port: 7788"
"1273","3.960992000","10.0.130.161","255.255.255.255","UDP","798","Source port: 5566  Destination port: 7788"
"1274","3.960992000","10.0.130.165","255.255.255.255","UDP","798","Source port: 5566  Destination port: 7788"
"1276","3.961175000","10.0.128.85","255.255.255.255","UDP","797","Source port: 5566  Destination port: 7788"
"1277","3.961176000","10.0.130.107","255.255.255.255","UDP","798","Source port: 5566  Destination port: 7788"
"1278","3.961354000","10.0.130.223","255.255.255.255","UDP","800","Source port: 5566  Destination port: 7788"
"1279","3.961534000","10.0.130.164","255.255.255.255","UDP","798","Source port: 5566  Destination port: 7788"
"1280","3.961722000","10.0.129.209","255.255.255.255","UDP","800","Source port: 5566  Destination port: 7788"
"1281","3.962054000","192.168.14.143","255.255.255.255","UDP","804","Source port: 5566  Destination port: 7788"
"1282","3.962233000","10.0.129.207","255.255.255.255","UDP","795","Source port: 5566  Destination port: 7788"
"1283","3.962491000","10.0.128.56","255.255.255.255","UDP","797","Source port: 5566  Destination port: 7788"
"1284","3.962672000","10.0.129.208","255.255.255.255","UDP","802","Source port: 5566  Destination port: 7788"
"1288","3.963844000","10.0.130.150","255.255.255.255","UDP","798","Source port: 5566  Destination port: 7788"
"1289","3.963845000","10.0.130.151","255.255.255.255","UDP","798","Source port: 5566  Destination port: 7788"
"1290","3.964060000","192.168.14.144","255.255.255.255","UDP","804","Source port: 5566  Destination port: 7788"
"1291","3.964812000","10.0.130.152","255.255.255.255","UDP","798","Source port: 5566  Destination port: 7788"
"1292","3.965344000","10.0.130.222","255.255.255.255","UDP","800","Source port: 5566  Destination port: 7788"
"1296","3.969575000","10.0.130.43","255.255.255.255","UDP","788","Source port: 5566  Destination port: 7788"
"1300","3.971150000","10.0.130.221","255.255.255.255","UDP","800","Source port: 5566  Destination port: 7788"
"1308","3.976980000","10.0.130.44","255.255.255.255","UDP","798","Source port: 5566  Destination port: 7788"
"1318","3.982864000","192.168.14.162","255.255.255.255","UDP","809","Source port: 5566  Destination port: 7788"
"1324","3.985316000","10.0.128.220","255.255.255.255","UDP","859","Source port: 5566  Destination port: 7788"
"1333","3.993520000","10.0.128.119","255.255.255.255","UDP","782","Source port: 5566  Destination port: 7788"
"1335","3.993711000","192.168.14.156","255.255.255.255","UDP","768","Source port: 5566  Destination port: 7788"
"1337","3.994567000","10.0.128.217","255.255.255.255","UDP","859","Source port: 5566  Destination port: 7788"
"1340","3.995597000","10.0.128.216","255.255.255.255","UDP","870","Source port: 5566  Destination port: 7788"
"1342","3.995982000","192.168.14.157","255.255.255.255","UDP","811","Source port: 5566  Destination port: 7788"
"1345","3.998163000","192.168.14.159","255.255.255.255","UDP","805","Source port: 5566  Destination port: 7788"
"1347","3.998375000","10.0.128.212","255.255.255.255","UDP","860","Source port: 5566  Destination port: 7788"
"1356","3.999166000","10.0.128.156","255.255.255.255","UDP","871","Source port: 5566  Destination port: 7788"
"1357","4.001273000","10.0.128.121","255.255.255.255","UDP","871","Source port: 5566  Destination port: 7788"
"1360","4.003840000","10.0.128.93","255.255.255.255","UDP","773","Source port: 5566  Destination port: 7788"
"1370","4.011410000","10.0.128.209","255.255.255.255","UDP","860","Source port: 5566  Destination port: 7788"
"1405","4.047015000","10.0.128.69","255.255.255.255","UDP","870","Source port: 5566  Destination port: 7788"
"1406","4.048416000","10.0.128.215","255.255.255.255","UDP","860","Source port: 5566  Destination port: 7788"
"1798","4.960505000","0.0.0.0","255.255.255.255","UDP","775","Source port: 5566  Destination port: 7788"
"1903","5.413922000","10.0.129.170","255.255.255.255","UDP","795","Source port: 5566  Destination port: 7788"
"1904","5.414951000","10.0.130.64","255.255.255.255","UDP","796","Source port: 5566  Destination port: 7788"
"1905","5.415465000","192.168.14.147","255.255.255.255","UDP","804","Source port: 5566  Destination port: 7788"
"1906","5.415467000","10.0.128.56","255.255.255.255","UDP","797","Source port: 5566  Destination port: 7788"
"1907","5.415468000","10.0.130.163","255.255.255.255","UDP","798","Source port: 5566  Destination port: 7788"
"1908","5.415697000","10.0.128.201","255.255.255.255","UDP","798","Source port: 5566  Destination port: 7788"
"1910","5.415700000","10.0.129.209","255.255.255.255","UDP","800","Source port: 5566  Destination port: 7788"
"1911","5.415701000","10.0.130.223","255.255.255.255","UDP","800","Source port: 5566  Destination port: 7788"
"1912","5.415921000","192.168.14.156","255.255.255.255","UDP","768","Source port: 5566  Destination port: 7788"
"1913","5.415922000","10.0.130.216","255.255.255.255","UDP","800","Source port: 5566  Destination port: 7788"
"1914","5.416146000","10.0.130.162","255.255.255.255","UDP","798","Source port: 5566  Destination port: 7788"
"1915","5.416148000","10.0.130.150","255.255.255.255","UDP","798","Source port: 5566  Destination port: 7788"
"1916","5.416461000","10.0.130.153","255.255.255.255","UDP","798","Source port: 5566  Destination port: 7788"
"1917","5.416687000","192.168.14.143","255.255.255.255","UDP","804","Source port: 5566  Destination port: 7788"
"1918","5.416689000","10.0.130.63","255.255.255.255","UDP","796","Source port: 5566  Destination port: 7788"
"1919","5.417124000","10.0.128.85","255.255.255.255","UDP","797","Source port: 5566  Destination port: 7788"
"1920","5.417126000","10.0.129.61","255.255.255.255","UDP","795","Source port: 5566  Destination port: 7788"
"1921","5.419012000","10.0.129.207","255.255.255.255","UDP","795","Source port: 5566  Destination port: 7788"
"1922","5.419014000","10.0.130.152","255.255.255.255","UDP","798","Source port: 5566  Destination port: 7788"
"1923","5.419016000","10.0.129.208","255.255.255.255","UDP","802","Source port: 5566  Destination port: 7788"
"1924","5.419018000","10.0.129.60","255.255.255.255","UDP","801","Source port: 5566  Destination port: 7788"
"1925","5.419019000","10.0.130.151","255.255.255.255","UDP","798","Source port: 5566  Destination port: 7788"
"1926","5.419020000","192.168.14.162","255.255.255.255","UDP","809","Source port: 5566  Destination port: 7788"
"1927","5.419022000","192.168.14.159","255.255.255.255","UDP","805","Source port: 5566  Destination port: 7788"
"1928","5.419181000","10.0.130.161","255.255.255.255","UDP","798","Source port: 5566  Destination port: 7788"
"1929","5.419182000","10.0.128.203","255.255.255.255","UDP","796","Source port: 5566  Destination port: 7788"
"1930","5.419183000","10.0.130.165","255.255.255.255","UDP","798","Source port: 5566  Destination port: 7788"
"1931","5.419184000","10.0.130.107","255.255.255.255","UDP","798","Source port: 5566  Destination port: 7788"
"1932","5.420243000","10.0.130.97","255.255.255.255","UDP","799","Source port: 5566  Destination port: 7788"
"1933","5.420245000","10.0.130.149","255.255.255.255","UDP","798","Source port: 5566  Destination port: 7788"
"1934","5.421005000","10.0.130.164","255.255.255.255","UDP","798","Source port: 5566  Destination port: 7788"
"1936","5.421142000","192.168.14.144","255.255.255.255","UDP","804","Source port: 5566  Destination port: 7788"
"1937","5.422077000","10.0.130.98","255.255.255.255","UDP","799","Source port: 5566  Destination port: 7788"
"1938","5.424365000","10.0.130.221","255.255.255.255","UDP","800","Source port: 5566  Destination port: 7788"
"1939","5.426588000","10.0.130.43","255.255.255.255","UDP","788","Source port: 5566  Destination port: 7788"
"1943","5.428864000","10.0.130.222","255.255.255.255","UDP","800","Source port: 5566  Destination port: 7788"
"1947","5.430552000","10.0.130.220","255.255.255.255","UDP","800","Source port: 5566  Destination port: 7788"
"1949","5.433361000","192.168.14.157","255.255.255.255","UDP","811","Source port: 5566  Destination port: 7788"
"1950","5.433451000","10.0.128.119","255.255.255.255","UDP","782","Source port: 5566  Destination port: 7788"
"1961","5.443236000","192.168.14.158","255.255.255.255","UDP","804","Source port: 5566  Destination port: 7788"
"1962","5.445222000","10.0.128.93","255.255.255.255","UDP","773","Source port: 5566  Destination port: 7788"
"1964","5.448725000","10.0.128.215","255.255.255.255","UDP","860","Source port: 5566  Destination port: 7788"
"1968","5.450748000","10.0.128.209","255.255.255.255","UDP","860","Source port: 5566  Destination port: 7788"
"1973","5.452835000","10.0.128.156","255.255.255.255","UDP","871","Source port: 5566  Destination port: 7788"
"1974","5.453034000","10.0.128.217","255.255.255.255","UDP","859","Source port: 5566  Destination port: 7788"
"1977","5.453973000","10.0.128.220","255.255.255.255","UDP","859","Source port: 5566  Destination port: 7788"
"1985","5.461155000","10.0.128.121","255.255.255.255","UDP","871","Source port: 5566  Destination port: 7788"
"1993","5.464796000","10.0.128.212","255.255.255.255","UDP","860","Source port: 5566  Destination port: 7788"
"1996","5.466284000","10.0.128.216","255.255.255.255","UDP","870","Source port: 5566  Destination port: 7788"
"2045","5.486824000","10.0.128.69","255.255.255.255","UDP","870","Source port: 5566  Destination port: 7788"
"2520","6.420213000","0.0.0.0","255.255.255.255","UDP","775","Source port: 5566  Destination port: 7788"
"4759","14.072571000","10.0.128.201","255.255.255.255","UDP","798","Source port: 5566  Destination port: 7788"
"4760","14.072571000","10.0.130.164","255.255.255.255","UDP","798","Source port: 5566  Destination port: 7788"
"4761","14.074583000","10.0.128.85","255.255.255.255","UDP","797","Source port: 5566  Destination port: 7788"
"4762","14.074584000","10.0.130.107","255.255.255.255","UDP","798","Source port: 5566  Destination port: 7788"
"4764","14.074585000","10.0.130.63","255.255.255.255","UDP","796","Source port: 5566  Destination port: 7788"
"4765","14.074585000","10.0.130.221","255.255.255.255","UDP","800","Source port: 5566  Destination port: 7788"
"4766","14.074585000","10.0.130.150","255.255.255.255","UDP","798","Source port: 5566  Destination port: 7788"
"4767","14.074587000","192.168.14.162","255.255.255.255","UDP","809","Source port: 5566  Destination port: 7788"
"4768","14.074587000","10.0.129.61","255.255.255.255","UDP","795","Source port: 5566  Destination port: 7788"
"4769","14.074587000","10.0.130.64","255.255.255.255","UDP","796","Source port: 5566  Destination port: 7788"
"4770","14.074588000","10.0.129.60","255.255.255.255","UDP","801","Source port: 5566  Destination port: 7788"
"4771","14.076583000","10.0.130.223","255.255.255.255","UDP","800","Source port: 5566  Destination port: 7788"
"4772","14.076583000","10.0.129.208","255.255.255.255","UDP","802","Source port: 5566  Destination port: 7788"
"4773","14.076584000","192.168.14.147","255.255.255.255","UDP","804","Source port: 5566  Destination port: 7788"
"4774","14.076584000","10.0.129.207","255.255.255.255","UDP","795","Source port: 5566  Destination port: 7788"
"4775","14.076585000","10.0.130.97","255.255.255.255","UDP","799","Source port: 5566  Destination port: 7788"
"4776","14.076585000","10.0.129.209","255.255.255.255","UDP","800","Source port: 5566  Destination port: 7788"
"4777","14.076586000","10.0.130.163","255.255.255.255","UDP","798","Source port: 5566  Destination port: 7788"
"4778","14.076586000","192.168.14.159","255.255.255.255","UDP","805","Source port: 5566  Destination port: 7788"
"4780","14.076587000","192.168.14.158","255.255.255.255","UDP","804","Source port: 5566  Destination port: 7788"
"4781","14.078583000","10.0.129.170","255.255.255.255","UDP","795","Source port: 5566  Destination port: 7788"
"4782","14.078583000","10.0.128.56","255.255.255.255","UDP","797","Source port: 5566  Destination port: 7788"
"4783","14.078584000","192.168.14.157","255.255.255.255","UDP","811","Source port: 5566  Destination port: 7788"
"4784","14.078584000","10.0.128.203","255.255.255.255","UDP","796","Source port: 5566  Destination port: 7788"
"4785","14.078585000","10.0.130.162","255.255.255.255","UDP","798","Source port: 5566  Destination port: 7788"
"4786","14.078586000","10.0.130.149","255.255.255.255","UDP","798","Source port: 5566  Destination port: 7788"
"4787","14.078586000","10.0.130.216","255.255.255.255","UDP","800","Source port: 5566  Destination port: 7788"
"4788","14.078586000","192.168.14.143","255.255.255.255","UDP","804","Source port: 5566  Destination port: 7788"
"4790","14.078587000","10.0.130.222","255.255.255.255","UDP","800","Source port: 5566  Destination port: 7788"
"4791","14.080582000","10.0.130.98","255.255.255.255","UDP","799","Source port: 5566  Destination port: 7788"
"4792","14.080583000","10.0.130.153","255.255.255.255","UDP","798","Source port: 5566  Destination port: 7788"
"4794","14.080584000","10.0.130.152","255.255.255.255","UDP","798","Source port: 5566  Destination port: 7788"
"4795","14.080584000","10.0.130.165","255.255.255.255","UDP","798","Source port: 5566  Destination port: 7788"
"4796","14.080585000","192.168.14.144","255.255.255.255","UDP","804","Source port: 5566  Destination port: 7788"
"4797","14.080585000","10.0.130.161","255.255.255.255","UDP","798","Source port: 5566  Destination port: 7788"
"4799","14.080586000","10.0.130.220","255.255.255.255","UDP","800","Source port: 5566  Destination port: 7788"
"4805","14.087583000","10.0.130.43","255.255.255.255","UDP","788","Source port: 5566  Destination port: 7788"
"4811","14.088214000","10.0.130.44","255.255.255.255","UDP","798","Source port: 5566  Destination port: 7788"
"4815","14.096583000","10.0.128.220","255.255.255.255","UDP","859","Source port: 5566  Destination port: 7788"
"4818","14.098571000","10.0.130.151","255.255.255.255","UDP","798","Source port: 5566  Destination port: 7788"
"4822","14.102570000","10.0.128.156","255.255.255.255","UDP","871","Source port: 5566  Destination port: 7788"
"4823","14.102571000","10.0.128.121","255.255.255.255","UDP","871","Source port: 5566  Destination port: 7788"
"4825","14.104571000","10.0.128.217","255.255.255.255","UDP","859","Source port: 5566  Destination port: 7788"
"4827","14.105369000","10.0.128.93","255.255.255.255","UDP","773","Source port: 5566  Destination port: 7788"
"4828","14.105370000","10.0.128.69","255.255.255.255","UDP","870","Source port: 5566  Destination port: 7788"
"4833","14.109572000","10.0.128.215","255.255.255.255","UDP","860","Source port: 5566  Destination port: 7788"
"4835","14.112571000","10.0.128.209","255.255.255.255","UDP","860","Source port: 5566  Destination port: 7788"
"4838","14.114573000","10.0.128.119","255.255.255.255","UDP","782","Source port: 5566  Destination port: 7788"
"4841","14.116573000","10.0.128.212","255.255.255.255","UDP","860","Source port: 5566  Destination port: 7788"
"4846","14.118585000","10.0.128.216","255.255.255.255","UDP","870","Source port: 5566  Destination port: 7788"
"5334","15.081935000","0.0.0.0","255.255.255.255","UDP","775","Source port: 5566  Destination port: 7788"
"9851","29.940403000","10.0.130.223","255.255.255.255","UDP","800","Source port: 5566  Destination port: 7788"
"9853","29.941124000","10.0.130.63","255.255.255.255","UDP","796","Source port: 5566  Destination port: 7788"
"9856","29.941717000","10.0.130.64","255.255.255.255","UDP","796","Source port: 5566  Destination port: 7788"
"9857","29.942029000","192.168.14.144","255.255.255.255","UDP","804","Source port: 5566  Destination port: 7788"
"9858","29.942285000","10.0.130.222","255.255.255.255","UDP","800","Source port: 5566  Destination port: 7788"
"9859","29.942511000","10.0.130.149","255.255.255.255","UDP","798","Source port: 5566  Destination port: 7788"
"9860","29.942513000","10.0.130.216","255.255.255.255","UDP","800","Source port: 5566  Destination port: 7788"
"9861","29.942866000","10.0.128.203","255.255.255.255","UDP","796","Source port: 5566  Destination port: 7788"
"9862","29.943094000","10.0.130.150","255.255.255.255","UDP","798","Source port: 5566  Destination port: 7788"
"9863","29.943097000","10.0.129.209","255.255.255.255","UDP","800","Source port: 5566  Destination port: 7788"
"9864","29.943291000","192.168.14.162","255.255.255.255","UDP","809","Source port: 5566  Destination port: 7788"
"9865","29.943528000","10.0.130.220","255.255.255.255","UDP","800","Source port: 5566  Destination port: 7788"
"9866","29.943530000","10.0.130.165","255.255.255.255","UDP","798","Source port: 5566  Destination port: 7788"
"9867","29.943963000","192.168.14.147","255.255.255.255","UDP","804","Source port: 5566  Destination port: 7788"
"9868","29.944186000","10.0.130.164","255.255.255.255","UDP","798","Source port: 5566  Destination port: 7788"
"9869","29.944580000","192.168.14.159","255.255.255.255","UDP","805","Source port: 5566  Destination port: 7788"
"9870","29.944804000","10.0.129.60","255.255.255.255","UDP","801","Source port: 5566  Destination port: 7788"
"9872","29.945032000","10.0.128.201","255.255.255.255","UDP","798","Source port: 5566  Destination port: 7788"
"9873","29.945255000","10.0.130.151","255.255.255.255","UDP","798","Source port: 5566  Destination port: 7788"
"9874","29.945461000","10.0.130.162","255.255.255.255","UDP","798","Source port: 5566  Destination port: 7788"
"9875","29.945463000","10.0.130.107","255.255.255.255","UDP","798","Source port: 5566  Destination port: 7788"
"9876","29.945464000","192.168.14.157","255.255.255.255","UDP","811","Source port: 5566  Destination port: 7788"
"9877","29.945685000","10.0.130.221","255.255.255.255","UDP","800","Source port: 5566  Destination port: 7788"
"9878","29.945687000","10.0.129.207","255.255.255.255","UDP","795","Source port: 5566  Destination port: 7788"
"9879","29.945910000","10.0.130.163","255.255.255.255","UDP","798","Source port: 5566  Destination port: 7788"
"9880","29.945912000","10.0.130.161","255.255.255.255","UDP","798","Source port: 5566  Destination port: 7788"
"9881","29.946136000","10.0.129.208","255.255.255.255","UDP","802","Source port: 5566  Destination port: 7788"
"9882","29.946138000","10.0.128.85","255.255.255.255","UDP","797","Source port: 5566  Destination port: 7788"
"9883","29.946738000","10.0.128.56","255.255.255.255","UDP","797","Source port: 5566  Destination port: 7788"
"9885","29.946743000","10.0.130.153","255.255.255.255","UDP","798","Source port: 5566  Destination port: 7788"
"9886","29.947495000","10.0.130.152","255.255.255.255","UDP","798","Source port: 5566  Destination port: 7788"
"9887","29.947704000","10.0.130.97","255.255.255.255","UDP","799","Source port: 5566  Destination port: 7788"
"9889","29.948610000","192.168.14.158","255.255.255.255","UDP","804","Source port: 5566  Destination port: 7788"
"9890","29.948877000","10.0.130.98","255.255.255.255","UDP","799","Source port: 5566  Destination port: 7788"
"9892","29.951781000","10.0.129.170","255.255.255.255","UDP","795","Source port: 5566  Destination port: 7788"
"9898","29.957190000","192.168.14.143","255.255.255.255","UDP","804","Source port: 5566  Destination port: 7788"
"9899","29.961225000","10.0.128.156","255.255.255.255","UDP","871","Source port: 5566  Destination port: 7788"
"9903","29.967228000","10.0.128.217","255.255.255.255","UDP","859","Source port: 5566  Destination port: 7788"
"9906","29.969232000","10.0.130.44","255.255.255.255","UDP","798","Source port: 5566  Destination port: 7788"
"9913","29.971601000","10.0.128.121","255.255.255.255","UDP","871","Source port: 5566  Destination port: 7788"
"9914","29.971836000","10.0.128.216","255.255.255.255","UDP","870","Source port: 5566  Destination port: 7788"
"9918","29.976227000","10.0.128.119","255.255.255.255","UDP","782","Source port: 5566  Destination port: 7788"
"9919","29.976228000","10.0.128.93","255.255.255.255","UDP","773","Source port: 5566  Destination port: 7788"
"9921","29.978223000","10.0.130.43","255.255.255.255","UDP","788","Source port: 5566  Destination port: 7788"
"9928","29.982084000","10.0.128.215","255.255.255.255","UDP","860","Source port: 5566  Destination port: 7788"
"9933","29.985638000","10.0.128.212","255.255.255.255","UDP","860","Source port: 5566  Destination port: 7788"
"9935","29.987652000","10.0.128.220","255.255.255.255","UDP","859","Source port: 5566  Destination port: 7788"
"9950","30.003139000","10.0.128.209","255.255.255.255","UDP","860","Source port: 5566  Destination port: 7788"
"9970","30.015790000","10.0.128.69","255.255.255.255","UDP","870","Source port: 5566  Destination port: 7788"
"10410","30.949648000","0.0.0.0","255.255.255.255","UDP","775","Source port: 5566  Destination port: 7788"
"14853","45.947511000","10.0.130.63","255.255.255.255","UDP","796","Source port: 5566  Destination port: 7788"
"14854","45.947734000","192.168.14.162","255.255.255.255","UDP","809","Source port: 5566  Destination port: 7788"
"14855","45.948336000","192.168.14.157","255.255.255.255","UDP","811","Source port: 5566  Destination port: 7788"
"14856","45.948337000","10.0.130.64","255.255.255.255","UDP","796","Source port: 5566  Destination port: 7788"
"14857","45.948567000","10.0.128.201","255.255.255.255","UDP","798","Source port: 5566  Destination port: 7788"
"14858","45.949061000","10.0.129.60","255.255.255.255","UDP","801","Source port: 5566  Destination port: 7788"
"14859","45.949287000","10.0.130.98","255.255.255.255","UDP","799","Source port: 5566  Destination port: 7788"
"14860","45.949289000","10.0.129.209","255.255.255.255","UDP","800","Source port: 5566  Destination port: 7788"
"14861","45.949512000","10.0.130.153","255.255.255.255","UDP","798","Source port: 5566  Destination port: 7788"
"14862","45.949514000","10.0.128.203","255.255.255.255","UDP","796","Source port: 5566  Destination port: 7788"
"14863","45.949734000","10.0.129.170","255.255.255.255","UDP","795","Source port: 5566  Destination port: 7788"
"14864","45.950384000","10.0.130.164","255.255.255.255","UDP","798","Source port: 5566  Destination port: 7788"
"14865","45.950386000","10.0.129.208","255.255.255.255","UDP","802","Source port: 5566  Destination port: 7788"
"14866","45.950387000","192.168.14.147","255.255.255.255","UDP","804","Source port: 5566  Destination port: 7788"
"14867","45.950388000","192.168.14.156","255.255.255.255","UDP","768","Source port: 5566  Destination port: 7788"
"14868","45.950391000","10.0.129.207","255.255.255.255","UDP","795","Source port: 5566  Destination port: 7788"
"14869","45.950392000","10.0.130.161","255.255.255.255","UDP","798","Source port: 5566  Destination port: 7788"
"14870","45.950625000","10.0.128.85","255.255.255.255","UDP","797","Source port: 5566  Destination port: 7788"
"14871","45.950626000","192.168.14.144","255.255.255.255","UDP","804","Source port: 5566  Destination port: 7788"
"14872","45.950628000","10.0.130.216","255.255.255.255","UDP","800","Source port: 5566  Destination port: 7788"
"14873","45.951870000","10.0.130.162","255.255.255.255","UDP","798","Source port: 5566  Destination port: 7788"
"14874","45.952109000","10.0.130.107","255.255.255.255","UDP","798","Source port: 5566  Destination port: 7788"
"14875","45.952111000","10.0.130.163","255.255.255.255","UDP","798","Source port: 5566  Destination port: 7788"
"14876","45.952113000","10.0.130.97","255.255.255.255","UDP","799","Source port: 5566  Destination port: 7788"
"14877","45.952114000","10.0.130.150","255.255.255.255","UDP","798","Source port: 5566  Destination port: 7788"
"14878","45.952115000","192.168.14.159","255.255.255.255","UDP","805","Source port: 5566  Destination port: 7788"
"14879","45.952332000","10.0.130.222","255.255.255.255","UDP","800","Source port: 5566  Destination port: 7788"
"14881","45.953232000","10.0.130.223","255.255.255.255","UDP","800","Source port: 5566  Destination port: 7788"
"14883","45.953235000","10.0.130.152","255.255.255.255","UDP","798","Source port: 5566  Destination port: 7788"
"14884","45.953719000","10.0.128.56","255.255.255.255","UDP","797","Source port: 5566  Destination port: 7788"
"14885","45.954006000","10.0.130.149","255.255.255.255","UDP","798","Source port: 5566  Destination port: 7788"
"14886","45.957871000","10.0.129.61","255.255.255.255","UDP","795","Source port: 5566  Destination port: 7788"
"14887","45.959870000","192.168.14.143","255.255.255.255","UDP","804","Source port: 5566  Destination port: 7788"
"14888","45.959872000","10.0.130.151","255.255.255.255","UDP","798","Source port: 5566  Destination port: 7788"
"14889","45.959873000","10.0.130.43","255.255.255.255","UDP","788","Source port: 5566  Destination port: 7788"
"14891","45.961871000","10.0.130.220","255.255.255.255","UDP","800","Source port: 5566  Destination port: 7788"
"14892","45.961874000","192.168.14.158","255.255.255.255","UDP","804","Source port: 5566  Destination port: 7788"
"14902","45.969315000","10.0.130.221","255.255.255.255","UDP","800","Source port: 5566  Destination port: 7788"
"14903","45.969916000","10.0.128.156","255.255.255.255","UDP","871","Source port: 5566  Destination port: 7788"
"14905","45.973984000","10.0.128.119","255.255.255.255","UDP","782","Source port: 5566  Destination port: 7788"
"14911","45.975690000","10.0.130.44","255.255.255.255","UDP","798","Source port: 5566  Destination port: 7788"
"14912","45.976815000","10.0.128.216","255.255.255.255","UDP","870","Source port: 5566  Destination port: 7788"
"14917","45.983004000","10.0.128.217","255.255.255.255","UDP","859","Source port: 5566  Destination port: 7788"
"14919","45.984184000","10.0.128.93","255.255.255.255","UDP","773","Source port: 5566  Destination port: 7788"
"14920","45.985350000","10.0.128.220","255.255.255.255","UDP","859","Source port: 5566  Destination port: 7788"
"14923","45.987206000","10.0.128.69","255.255.255.255","UDP","870","Source port: 5566  Destination port: 7788"
"14924","45.987686000","10.0.128.215","255.255.255.255","UDP","860","Source port: 5566  Destination port: 7788"
"14932","45.992121000","10.0.128.121","255.255.255.255","UDP","871","Source port: 5566  Destination port: 7788"
"14935","45.996279000","10.0.128.212","255.255.255.255","UDP","860","Source port: 5566  Destination port: 7788"
"14964","46.017685000","10.0.128.209","255.255.255.255","UDP","860","Source port: 5566  Destination port: 7788"
"15333","46.951998000","0.0.0.0","255.255.255.255","UDP","775","Source port: 5566  Destination port: 7788"
"20157","61.949400000","10.0.130.97","255.255.255.255","UDP","799","Source port: 5566  Destination port: 7788"
"20158","61.949889000","10.0.130.164","255.255.255.255","UDP","798","Source port: 5566  Destination port: 7788"
"20159","61.949891000","10.0.130.163","255.255.255.255","UDP","798","Source port: 5566  Destination port: 7788"
"20160","61.949892000","10.0.130.153","255.255.255.255","UDP","798","Source port: 5566  Destination port: 7788"
"20162","61.950330000","10.0.130.162","255.255.255.255","UDP","798","Source port: 5566  Destination port: 7788"
"20164","61.950964000","10.0.130.63","255.255.255.255","UDP","796","Source port: 5566  Destination port: 7788"
"20165","61.950968000","192.168.14.144","255.255.255.255","UDP","804","Source port: 5566  Destination port: 7788"
"20166","61.950969000","10.0.130.64","255.255.255.255","UDP","796","Source port: 5566  Destination port: 7788"
"20167","61.950970000","10.0.130.150","255.255.255.255","UDP","798","Source port: 5566  Destination port: 7788"
"20168","61.951189000","192.168.14.162","255.255.255.255","UDP","809","Source port: 5566  Destination port: 7788"
"20169","61.951191000","10.0.128.201","255.255.255.255","UDP","798","Source port: 5566  Destination port: 7788"
"20170","61.951411000","192.168.14.147","255.255.255.255","UDP","804","Source port: 5566  Destination port: 7788"
"20171","61.951759000","10.0.129.61","255.255.255.255","UDP","795","Source port: 5566  Destination port: 7788"
"20172","61.951986000","10.0.129.208","255.255.255.255","UDP","802","Source port: 5566  Destination port: 7788"
"20173","61.951989000","10.0.129.207","255.255.255.255","UDP","795","Source port: 5566  Destination port: 7788"
"20174","61.952237000","10.0.129.209","255.255.255.255","UDP","800","Source port: 5566  Destination port: 7788"
"20175","61.952561000","192.168.14.159","255.255.255.255","UDP","805","Source port: 5566  Destination port: 7788"
"20176","61.952563000","10.0.130.221","255.255.255.255","UDP","800","Source port: 5566  Destination port: 7788"
"20177","61.952752000","10.0.130.216","255.255.255.255","UDP","800","Source port: 5566  Destination port: 7788"
"20178","61.953000000","10.0.128.56","255.255.255.255","UDP","797","Source port: 5566  Destination port: 7788"
"20179","61.953246000","10.0.130.223","255.255.255.255","UDP","800","Source port: 5566  Destination port: 7788"
"20181","61.954043000","10.0.130.98","255.255.255.255","UDP","799","Source port: 5566  Destination port: 7788"
"20182","61.954045000","192.168.14.157","255.255.255.255","UDP","811","Source port: 5566  Destination port: 7788"
"20183","61.954046000","10.0.128.85","255.255.255.255","UDP","797","Source port: 5566  Destination port: 7788"
"20184","61.954547000","192.168.14.158","255.255.255.255","UDP","804","Source port: 5566  Destination port: 7788"
"20185","61.954773000","10.0.128.203","255.255.255.255","UDP","796","Source port: 5566  Destination port: 7788"
"20186","61.954775000","10.0.130.107","255.255.255.255","UDP","798","Source port: 5566  Destination port: 7788"
"20187","61.955050000","10.0.129.170","255.255.255.255","UDP","795","Source port: 5566  Destination port: 7788"
"20188","61.955222000","10.0.130.152","255.255.255.255","UDP","798","Source port: 5566  Destination port: 7788"
"20189","61.956406000","10.0.130.222","255.255.255.255","UDP","800","Source port: 5566  Destination port: 7788"
"20191","61.957185000","10.0.130.165","255.255.255.255","UDP","798","Source port: 5566  Destination port: 7788"
"20192","61.957437000","192.168.14.143","255.255.255.255","UDP","804","Source port: 5566  Destination port: 7788"
"20193","61.957438000","10.0.129.60","255.255.255.255","UDP","801","Source port: 5566  Destination port: 7788"
"20195","61.959304000","192.168.14.156","255.255.255.255","UDP","768","Source port: 5566  Destination port: 7788"
"20196","61.959386000","10.0.130.161","255.255.255.255","UDP","798","Source port: 5566  Destination port: 7788"
"20197","61.959399000","10.0.130.151","255.255.255.255","UDP","798","Source port: 5566  Destination port: 7788"
"20198","61.960263000","10.0.130.220","255.255.255.255","UDP","800","Source port: 5566  Destination port: 7788"
"20199","61.960874000","10.0.130.149","255.255.255.255","UDP","798","Source port: 5566  Destination port: 7788"
"20204","61.971520000","10.0.130.43","255.255.255.255","UDP","788","Source port: 5566  Destination port: 7788"
"20210","61.975524000","10.0.128.217","255.255.255.255","UDP","859","Source port: 5566  Destination port: 7788"
"20211","61.975525000","10.0.128.93","255.255.255.255","UDP","773","Source port: 5566  Destination port: 7788"
"20214","61.977523000","10.0.130.44","255.255.255.255","UDP","798","Source port: 5566  Destination port: 7788"
"20224","61.983521000","10.0.128.156","255.255.255.255","UDP","871","Source port: 5566  Destination port: 7788"
"20227","61.985523000","10.0.128.215","255.255.255.255","UDP","860","Source port: 5566  Destination port: 7788"
"20228","61.985525000","10.0.128.119","255.255.255.255","UDP","782","Source port: 5566  Destination port: 7788"
"20233","61.985531000","10.0.128.216","255.255.255.255","UDP","870","Source port: 5566  Destination port: 7788"
"20236","61.987520000","10.0.128.69","255.255.255.255","UDP","870","Source port: 5566  Destination port: 7788"
"20242","61.992796000","10.0.128.121","255.255.255.255","UDP","871","Source port: 5566  Destination port: 7788"
"20243","61.995183000","10.0.128.220","255.255.255.255","UDP","859","Source port: 5566  Destination port: 7788"
"20244","61.995598000","10.0.128.212","255.255.255.255","UDP","860","Source port: 5566  Destination port: 7788"
"20250","62.000687000","10.0.128.209","255.255.255.255","UDP","860","Source port: 5566  Destination port: 7788"
"20710","62.956065000","0.0.0.0","255.255.255.255","UDP","775","Source port: 5566  Destination port: 7788"
"25001","77.956981000","10.0.130.163","255.255.255.255","UDP","798","Source port: 5566  Destination port: 7788"
"25002","77.956982000","10.0.130.63","255.255.255.255","UDP","796","Source port: 5566  Destination port: 7788"
"25003","77.957215000","10.0.128.85","255.255.255.255","UDP","797","Source port: 5566  Destination port: 7788"
"25004","77.957217000","10.0.130.164","255.255.255.255","UDP","798","Source port: 5566  Destination port: 7788"
"25005","77.957574000","192.168.14.159","255.255.255.255","UDP","805","Source port: 5566  Destination port: 7788"
"25006","77.957785000","192.168.14.147","255.255.255.255","UDP","804","Source port: 5566  Destination port: 7788"
"25007","77.957786000","10.0.128.201","255.255.255.255","UDP","798","Source port: 5566  Destination port: 7788"
"25008","77.957991000","10.0.130.162","255.255.255.255","UDP","798","Source port: 5566  Destination port: 7788"
"25009","77.958220000","10.0.129.170","255.255.255.255","UDP","795","Source port: 5566  Destination port: 7788"
"25010","77.958222000","10.0.130.222","255.255.255.255","UDP","800","Source port: 5566  Destination port: 7788"
"25011","77.958427000","10.0.128.56","255.255.255.255","UDP","797","Source port: 5566  Destination port: 7788"
"25012","77.959151000","10.0.129.208","255.255.255.255","UDP","802","Source port: 5566  Destination port: 7788"
"25013","77.959461000","192.168.14.144","255.255.255.255","UDP","804","Source port: 5566  Destination port: 7788"
"25014","77.959462000","192.168.14.158","255.255.255.255","UDP","804","Source port: 5566  Destination port: 7788"
"25015","77.959821000","10.0.130.151","255.255.255.255","UDP","798","Source port: 5566  Destination port: 7788"
"25016","77.959823000","10.0.130.165","255.255.255.255","UDP","798","Source port: 5566  Destination port: 7788"
"25017","77.960030000","10.0.130.216","255.255.255.255","UDP","800","Source port: 5566  Destination port: 7788"
"25018","77.960031000","192.168.14.162","255.255.255.255","UDP","809","Source port: 5566  Destination port: 7788"
"25019","77.960318000","10.0.129.209","255.255.255.255","UDP","800","Source port: 5566  Destination port: 7788"
"25020","77.961215000","10.0.130.97","255.255.255.255","UDP","799","Source port: 5566  Destination port: 7788"
"25021","77.961472000","10.0.129.61","255.255.255.255","UDP","795","Source port: 5566  Destination port: 7788"
"25022","77.961754000","10.0.129.207","255.255.255.255","UDP","795","Source port: 5566  Destination port: 7788"
"25023","77.962215000","10.0.130.107","255.255.255.255","UDP","798","Source port: 5566  Destination port: 7788"
"25024","77.962410000","10.0.130.161","255.255.255.255","UDP","798","Source port: 5566  Destination port: 7788"
"25025","77.962681000","10.0.129.60","255.255.255.255","UDP","801","Source port: 5566  Destination port: 7788"
"25026","77.962879000","10.0.130.152","255.255.255.255","UDP","798","Source port: 5566  Destination port: 7788"
"25027","77.962881000","10.0.130.223","255.255.255.255","UDP","800","Source port: 5566  Destination port: 7788"
"25029","77.963406000","10.0.130.221","255.255.255.255","UDP","800","Source port: 5566  Destination port: 7788"
"25030","77.963645000","10.0.128.203","255.255.255.255","UDP","796","Source port: 5566  Destination port: 7788"
"25031","77.963840000","10.0.130.98","255.255.255.255","UDP","799","Source port: 5566  Destination port: 7788"
"25035","77.966076000","192.168.14.143","255.255.255.255","UDP","804","Source port: 5566  Destination port: 7788"
"25037","77.966132000","192.168.14.156","255.255.255.255","UDP","768","Source port: 5566  Destination port: 7788"
"25041","77.966695000","10.0.130.153","255.255.255.255","UDP","798","Source port: 5566  Destination port: 7788"
"25045","77.967563000","192.168.14.157","255.255.255.255","UDP","811","Source port: 5566  Destination port: 7788"
"25048","77.968334000","10.0.130.220","255.255.255.255","UDP","800","Source port: 5566  Destination port: 7788"
"25049","77.969317000","10.0.130.43","255.255.255.255","UDP","788","Source port: 5566  Destination port: 7788"
"25064","77.983505000","10.0.128.119","255.255.255.255","UDP","782","Source port: 5566  Destination port: 7788"
"25067","77.984120000","10.0.128.93","255.255.255.255","UDP","773","Source port: 5566  Destination port: 7788"
"25071","77.985669000","10.0.128.212","255.255.255.255","UDP","860","Source port: 5566  Destination port: 7788"
"25077","77.993170000","10.0.130.44","255.255.255.255","UDP","798","Source port: 5566  Destination port: 7788"
"25078","77.993564000","10.0.128.220","255.255.255.255","UDP","859","Source port: 5566  Destination port: 7788"
"25091","78.001326000","10.0.128.156","255.255.255.255","UDP","871","Source port: 5566  Destination port: 7788"
"25093","78.002532000","10.0.128.209","255.255.255.255","UDP","860","Source port: 5566  Destination port: 7788"
"25097","78.005925000","10.0.128.217","255.255.255.255","UDP","859","Source port: 5566  Destination port: 7788"
"25106","78.011019000","10.0.128.215","255.255.255.255","UDP","860","Source port: 5566  Destination port: 7788"
"25109","78.013962000","10.0.128.121","255.255.255.255","UDP","871","Source port: 5566  Destination port: 7788"
"25110","78.015140000","10.0.128.69","255.255.255.255","UDP","870","Source port: 5566  Destination port: 7788"
"25139","78.032469000","10.0.128.216","255.255.255.255","UDP","870","Source port: 5566  Destination port: 7788"
"25557","78.968455000","0.0.0.0","255.255.255.255","UDP","775","Source port: 5566  Destination port: 7788"
"30233","93.960107000","192.168.14.147","255.255.255.255","UDP","804","Source port: 5566  Destination port: 7788"
"30234","93.960109000","192.168.14.159","255.255.255.255","UDP","805","Source port: 5566  Destination port: 7788"
"30235","93.960329000","10.0.130.63","255.255.255.255","UDP","796","Source port: 5566  Destination port: 7788"
"30236","93.960569000","10.0.129.170","255.255.255.255","UDP","795","Source port: 5566  Destination port: 7788"
"30237","93.960571000","10.0.128.85","255.255.255.255","UDP","797","Source port: 5566  Destination port: 7788"
"30238","93.960775000","10.0.130.98","255.255.255.255","UDP","799","Source port: 5566  Destination port: 7788"
"30239","93.961029000","10.0.130.107","255.255.255.255","UDP","798","Source port: 5566  Destination port: 7788"
"30243","93.961033000","10.0.130.64","255.255.255.255","UDP","796","Source port: 5566  Destination port: 7788"
"30244","93.961248000","10.0.128.203","255.255.255.255","UDP","796","Source port: 5566  Destination port: 7788"
"30245","93.961456000","10.0.128.201","255.255.255.255","UDP","798","Source port: 5566  Destination port: 7788"
"30246","93.961679000","192.168.14.162","255.255.255.255","UDP","809","Source port: 5566  Destination port: 7788"
"30247","93.962392000","192.168.14.144","255.255.255.255","UDP","804","Source port: 5566  Destination port: 7788"
"30248","93.962394000","10.0.130.163","255.255.255.255","UDP","798","Source port: 5566  Destination port: 7788"
"30250","93.962614000","10.0.130.152","255.255.255.255","UDP","798","Source port: 5566  Destination port: 7788"
"30251","93.963186000","10.0.129.61","255.255.255.255","UDP","795","Source port: 5566  Destination port: 7788"
"30252","93.963622000","10.0.130.97","255.255.255.255","UDP","799","Source port: 5566  Destination port: 7788"
"30253","93.963624000","10.0.130.162","255.255.255.255","UDP","798","Source port: 5566  Destination port: 7788"
"30254","93.963625000","10.0.129.209","255.255.255.255","UDP","800","Source port: 5566  Destination port: 7788"
"30255","93.963901000","10.0.130.216","255.255.255.255","UDP","800","Source port: 5566  Destination port: 7788"
"30256","93.964124000","10.0.130.165","255.255.255.255","UDP","798","Source port: 5566  Destination port: 7788"
"30257","93.964473000","192.168.14.157","255.255.255.255","UDP","811","Source port: 5566  Destination port: 7788"
"30258","93.964700000","10.0.128.56","255.255.255.255","UDP","797","Source port: 5566  Destination port: 7788"
"30259","93.964702000","192.168.14.156","255.255.255.255","UDP","768","Source port: 5566  Destination port: 7788"
"30260","93.964957000","10.0.130.164","255.255.255.255","UDP","798","Source port: 5566  Destination port: 7788"
"30262","93.964961000","10.0.130.150","255.255.255.255","UDP","798","Source port: 5566  Destination port: 7788"
"30263","93.965994000","10.0.130.223","255.255.255.255","UDP","800","Source port: 5566  Destination port: 7788"
"30264","93.965996000","10.0.130.149","255.255.255.255","UDP","798","Source port: 5566  Destination port: 7788"
"30265","93.965997000","10.0.130.161","255.255.255.255","UDP","798","Source port: 5566  Destination port: 7788"
"30267","93.966111000","10.0.130.153","255.255.255.255","UDP","798","Source port: 5566  Destination port: 7788"
"30268","93.966385000","10.0.129.207","255.255.255.255","UDP","795","Source port: 5566  Destination port: 7788"
"30269","93.966835000","10.0.130.151","255.255.255.255","UDP","798","Source port: 5566  Destination port: 7788"
"30270","93.967069000","10.0.129.208","255.255.255.255","UDP","802","Source port: 5566  Destination port: 7788"
"30271","93.967294000","10.0.129.60","255.255.255.255","UDP","801","Source port: 5566  Destination port: 7788"
"30272","93.967516000","10.0.130.222","255.255.255.255","UDP","800","Source port: 5566  Destination port: 7788"
"30273","93.968370000","192.168.14.158","255.255.255.255","UDP","804","Source port: 5566  Destination port: 7788"
"30274","93.968372000","192.168.14.143","255.255.255.255","UDP","804","Source port: 5566  Destination port: 7788"
"30275","93.968591000","10.0.130.220","255.255.255.255","UDP","800","Source port: 5566  Destination port: 7788"
"30279","93.975818000","10.0.130.221","255.255.255.255","UDP","800","Source port: 5566  Destination port: 7788"
"30285","93.984820000","10.0.128.156","255.255.255.255","UDP","871","Source port: 5566  Destination port: 7788"
"30286","93.984822000","10.0.128.215","255.255.255.255","UDP","860","Source port: 5566  Destination port: 7788"
"30287","93.985490000","10.0.128.93","255.255.255.255","UDP","773","Source port: 5566  Destination port: 7788"
"30288","93.986164000","10.0.130.44","255.255.255.255","UDP","798","Source port: 5566  Destination port: 7788"
"30289","93.986165000","10.0.130.43","255.255.255.255","UDP","788","Source port: 5566  Destination port: 7788"
"30290","93.986248000","10.0.128.69","255.255.255.255","UDP","870","Source port: 5566  Destination port: 7788"
"30294","93.994453000","10.0.128.119","255.255.255.255","UDP","782","Source port: 5566  Destination port: 7788"
"30298","93.999554000","10.0.128.209","255.255.255.255","UDP","860","Source port: 5566  Destination port: 7788"
"30304","94.003824000","10.0.128.121","255.255.255.255","UDP","871","Source port: 5566  Destination port: 7788"
"30307","94.005930000","10.0.128.220","255.255.255.255","UDP","859","Source port: 5566  Destination port: 7788"
"30311","94.009470000","10.0.128.216","255.255.255.255","UDP","870","Source port: 5566  Destination port: 7788"
"30323","94.016096000","10.0.128.212","255.255.255.255","UDP","860","Source port: 5566  Destination port: 7788"
"30329","94.019289000","10.0.128.217","255.255.255.255","UDP","859","Source port: 5566  Destination port: 7788"
"30781","94.965183000","0.0.0.0","255.255.255.255","UDP","775","Source port: 5566  Destination port: 7788"
"34986","109.973703000","10.0.130.97","255.255.255.255","UDP","799","Source port: 5566  Destination port: 7788"
"34987","109.974581000","10.0.129.170","255.255.255.255","UDP","795","Source port: 5566  Destination port: 7788"
"34989","109.975092000","10.0.129.207","255.255.255.255","UDP","795","Source port: 5566  Destination port: 7788"
"34990","109.975412000","10.0.130.107","255.255.255.255","UDP","798","Source port: 5566  Destination port: 7788"
"34991","109.975919000","10.0.128.56","255.255.255.255","UDP","797","Source port: 5566  Destination port: 7788"
"34992","109.976120000","10.0.129.208","255.255.255.255","UDP","802","Source port: 5566  Destination port: 7788"
"34993","109.976514000","10.0.129.209","255.255.255.255","UDP","800","Source port: 5566  Destination port: 7788"
"34997","109.979511000","10.0.130.98","255.255.255.255","UDP","799","Source port: 5566  Destination port: 7788"
"35014","109.995683000","10.0.128.93","255.255.255.255","UDP","773","Source port: 5566  Destination port: 7788"
"35577","110.974444000","0.0.0.0","255.255.255.255","UDP","775","Source port: 5566  Destination port: 7788"
"40335","125.971352000","10.0.130.63","255.255.255.255","UDP","796","Source port: 5566  Destination port: 7788"
"40337","125.971580000","10.0.130.64","255.255.255.255","UDP","796","Source port: 5566  Destination port: 7788"
"40338","125.972580000","10.0.128.201","255.255.255.255","UDP","798","Source port: 5566  Destination port: 7788"
"40339","125.972853000","10.0.129.170","255.255.255.255","UDP","795","Source port: 5566  Destination port: 7788"
"40340","125.973273000","10.0.129.61","255.255.255.255","UDP","795","Source port: 5566  Destination port: 7788"
"40341","125.973505000","10.0.130.223","255.255.255.255","UDP","800","Source port: 5566  Destination port: 7788"
"40342","125.973587000","192.168.14.158","255.255.255.255","UDP","804","Source port: 5566  Destination port: 7788"
"40343","125.974526000","10.0.130.222","255.255.255.255","UDP","800","Source port: 5566  Destination port: 7788"
"40344","125.974528000","10.0.130.216","255.255.255.255","UDP","800","Source port: 5566  Destination port: 7788"
"40345","125.974529000","10.0.130.107","255.255.255.255","UDP","798","Source port: 5566  Destination port: 7788"
"40346","125.974530000","192.168.14.143","255.255.255.255","UDP","804","Source port: 5566  Destination port: 7788"
"40347","125.974744000","192.168.14.159","255.255.255.255","UDP","805","Source port: 5566  Destination port: 7788"
"40348","125.974747000","10.0.129.209","255.255.255.255","UDP","800","Source port: 5566  Destination port: 7788"
"40349","125.974748000","10.0.129.60","255.255.255.255","UDP","801","Source port: 5566  Destination port: 7788"
"40350","125.975201000","10.0.130.98","255.255.255.255","UDP","799","Source port: 5566  Destination port: 7788"
"40351","125.975203000","192.168.14.162","255.255.255.255","UDP","809","Source port: 5566  Destination port: 7788"
"40352","125.975204000","10.0.130.150","255.255.255.255","UDP","798","Source port: 5566  Destination port: 7788"
"40353","125.975331000","10.0.130.164","255.255.255.255","UDP","798","Source port: 5566  Destination port: 7788"
"40354","125.975678000","10.0.130.162","255.255.255.255","UDP","798","Source port: 5566  Destination port: 7788"
"40355","125.975680000","10.0.130.152","255.255.255.255","UDP","798","Source port: 5566  Destination port: 7788"
"40356","125.975906000","10.0.130.161","255.255.255.255","UDP","798","Source port: 5566  Destination port: 7788"
"40357","125.975908000","192.168.14.147","255.255.255.255","UDP","804","Source port: 5566  Destination port: 7788"
"40358","125.976139000","10.0.129.208","255.255.255.255","UDP","802","Source port: 5566  Destination port: 7788"
"40359","125.976432000","10.0.128.56","255.255.255.255","UDP","797","Source port: 5566  Destination port: 7788"
"40360","125.976434000","10.0.128.85","255.255.255.255","UDP","797","Source port: 5566  Destination port: 7788"
"40361","125.976436000","10.0.130.163","255.255.255.255","UDP","798","Source port: 5566  Destination port: 7788"
"40362","125.976437000","192.168.14.157","255.255.255.255","UDP","811","Source port: 5566  Destination port: 7788"
"40363","125.976665000","10.0.129.207","255.255.255.255","UDP","795","Source port: 5566  Destination port: 7788"
"40364","125.976743000","10.0.128.203","255.255.255.255","UDP","796","Source port: 5566  Destination port: 7788"
"40365","125.977131000","10.0.130.97","255.255.255.255","UDP","799","Source port: 5566  Destination port: 7788"
"40366","125.978617000","10.0.130.221","255.255.255.255","UDP","800","Source port: 5566  Destination port: 7788"
"40367","125.978619000","192.168.14.156","255.255.255.255","UDP","768","Source port: 5566  Destination port: 7788"
"40368","125.978840000","10.0.130.165","255.255.255.255","UDP","798","Source port: 5566  Destination port: 7788"
"40369","125.979099000","10.0.130.151","255.255.255.255","UDP","798","Source port: 5566  Destination port: 7788"
"40370","125.979102000","192.168.14.144","255.255.255.255","UDP","804","Source port: 5566  Destination port: 7788"
"40371","125.979104000","10.0.130.220","255.255.255.255","UDP","800","Source port: 5566  Destination port: 7788"
"40372","125.981656000","10.0.130.153","255.255.255.255","UDP","798","Source port: 5566  Destination port: 7788"
"40374","125.981659000","10.0.130.149","255.255.255.255","UDP","798","Source port: 5566  Destination port: 7788"
"40376","125.984281000","10.0.130.44","255.255.255.255","UDP","798","Source port: 5566  Destination port: 7788"
"40379","125.990298000","10.0.130.43","255.255.255.255","UDP","788","Source port: 5566  Destination port: 7788"
"40382","125.995119000","10.0.128.119","255.255.255.255","UDP","782","Source port: 5566  Destination port: 7788"
"40384","125.995712000","10.0.128.121","255.255.255.255","UDP","871","Source port: 5566  Destination port: 7788"
"40387","125.996139000","10.0.128.69","255.255.255.255","UDP","870","Source port: 5566  Destination port: 7788"
"40390","126.003118000","10.0.128.156","255.255.255.255","UDP","871","Source port: 5566  Destination port: 7788"
"40396","126.004368000","10.0.128.93","255.255.255.255","UDP","773","Source port: 5566  Destination port: 7788"
"40401","126.009115000","10.0.128.220","255.255.255.255","UDP","859","Source port: 5566  Destination port: 7788"
"40402","126.011445000","10.0.128.209","255.255.255.255","UDP","860","Source port: 5566  Destination port: 7788"
"40407","126.020113000","10.0.128.216","255.255.255.255","UDP","870","Source port: 5566  Destination port: 7788"
"40412","126.024115000","10.0.128.215","255.255.255.255","UDP","860","Source port: 5566  Destination port: 7788"
"40413","126.026112000","10.0.128.217","255.255.255.255","UDP","859","Source port: 5566  Destination port: 7788"
"40414","126.028113000","10.0.128.212","255.255.255.255","UDP","860","Source port: 5566  Destination port: 7788"
"40942","126.974873000","0.0.0.0","255.255.255.255","UDP","775","Source port: 5566  Destination port: 7788"
"44858","141.981186000","10.0.130.63","255.255.255.255","UDP","796","Source port: 5566  Destination port: 7788"
"44860","141.981413000","192.168.14.147","255.255.255.255","UDP","804","Source port: 5566  Destination port: 7788"
"44861","141.981987000","10.0.129.208","255.255.255.255","UDP","802","Source port: 5566  Destination port: 7788"
"44862","141.981989000","10.0.130.64","255.255.255.255","UDP","796","Source port: 5566  Destination port: 7788"
"44863","141.982213000","10.0.129.170","255.255.255.255","UDP","795","Source port: 5566  Destination port: 7788"
"44864","141.982215000","10.0.128.201","255.255.255.255","UDP","798","Source port: 5566  Destination port: 7788"
"44865","141.982434000","10.0.130.164","255.255.255.255","UDP","798","Source port: 5566  Destination port: 7788"
"44866","141.982659000","10.0.128.56","255.255.255.255","UDP","797","Source port: 5566  Destination port: 7788"
"44867","141.982686000","10.0.130.161","255.255.255.255","UDP","798","Source port: 5566  Destination port: 7788"
"44868","141.983601000","10.0.129.61","255.255.255.255","UDP","795","Source port: 5566  Destination port: 7788"
"44869","141.983603000","10.0.129.207","255.255.255.255","UDP","795","Source port: 5566  Destination port: 7788"
"44870","141.983606000","192.168.14.159","255.255.255.255","UDP","805","Source port: 5566  Destination port: 7788"
"44871","141.983721000","10.0.130.107","255.255.255.255","UDP","798","Source port: 5566  Destination port: 7788"
"44872","141.983723000","10.0.130.153","255.255.255.255","UDP","798","Source port: 5566  Destination port: 7788"
"44873","141.983724000","10.0.130.222","255.255.255.255","UDP","800","Source port: 5566  Destination port: 7788"
"44874","141.983948000","192.168.14.144","255.255.255.255","UDP","804","Source port: 5566  Destination port: 7788"
"44875","141.984177000","192.168.14.162","255.255.255.255","UDP","809","Source port: 5566  Destination port: 7788"
"44877","141.984474000","10.0.130.223","255.255.255.255","UDP","800","Source port: 5566  Destination port: 7788"
"44878","141.984692000","10.0.128.85","255.255.255.255","UDP","797","Source port: 5566  Destination port: 7788"
"44879","141.984694000","10.0.129.209","255.255.255.255","UDP","800","Source port: 5566  Destination port: 7788"
"44880","141.986770000","10.0.130.216","255.255.255.255","UDP","800","Source port: 5566  Destination port: 7788"
"44881","141.986772000","10.0.130.220","255.255.255.255","UDP","800","Source port: 5566  Destination port: 7788"
"44882","141.986775000","10.0.130.97","255.255.255.255","UDP","799","Source port: 5566  Destination port: 7788"
"44883","141.986776000","10.0.128.203","255.255.255.255","UDP","796","Source port: 5566  Destination port: 7788"
"44884","141.986778000","10.0.130.163","255.255.255.255","UDP","798","Source port: 5566  Destination port: 7788"
"44885","141.986779000","192.168.14.157","255.255.255.255","UDP","811","Source port: 5566  Destination port: 7788"
"44886","141.987615000","192.168.14.143","255.255.255.255","UDP","804","Source port: 5566  Destination port: 7788"
"44887","141.987617000","10.0.130.162","255.255.255.255","UDP","798","Source port: 5566  Destination port: 7788"
"44889","141.987620000","10.0.130.152","255.255.255.255","UDP","798","Source port: 5566  Destination port: 7788"
"44890","141.987621000","10.0.130.165","255.255.255.255","UDP","798","Source port: 5566  Destination port: 7788"
"44891","141.987623000","192.168.14.158","255.255.255.255","UDP","804","Source port: 5566  Destination port: 7788"
"44892","141.987624000","10.0.129.60","255.255.255.255","UDP","801","Source port: 5566  Destination port: 7788"
"44893","141.987625000","10.0.130.149","255.255.255.255","UDP","798","Source port: 5566  Destination port: 7788"
"44894","141.987627000","10.0.130.150","255.255.255.255","UDP","798","Source port: 5566  Destination port: 7788"
"44895","141.987841000","10.0.130.151","255.255.255.255","UDP","798","Source port: 5566  Destination port: 7788"
"44897","141.988403000","10.0.130.98","255.255.255.255","UDP","799","Source port: 5566  Destination port: 7788"
"44900","141.989856000","10.0.130.221","255.255.255.255","UDP","800","Source port: 5566  Destination port: 7788"
"44902","141.990443000","192.168.14.156","255.255.255.255","UDP","768","Source port: 5566  Destination port: 7788"
"44905","141.995325000","10.0.128.217","255.255.255.255","UDP","859","Source port: 5566  Destination port: 7788"
"44915","142.002304000","10.0.130.44","255.255.255.255","UDP","798","Source port: 5566  Destination port: 7788"
"44916","142.003608000","10.0.128.121","255.255.255.255","UDP","871","Source port: 5566  Destination port: 7788"
"44920","142.005423000","10.0.130.43","255.255.255.255","UDP","788","Source port: 5566  Destination port: 7788"
"44924","142.010770000","10.0.128.69","255.255.255.255","UDP","870","Source port: 5566  Destination port: 7788"
"44927","142.014770000","10.0.128.209","255.255.255.255","UDP","860","Source port: 5566  Destination port: 7788"
"44930","142.015164000","10.0.128.93","255.255.255.255","UDP","773","Source port: 5566  Destination port: 7788"
"44935","142.019566000","10.0.128.216","255.255.255.255","UDP","870","Source port: 5566  Destination port: 7788"
"44944","142.022730000","10.0.128.220","255.255.255.255","UDP","859","Source port: 5566  Destination port: 7788"
"44945","142.024768000","10.0.128.119","255.255.255.255","UDP","782","Source port: 5566  Destination port: 7788"
"44952","142.032382000","10.0.128.156","255.255.255.255","UDP","871","Source port: 5566  Destination port: 7788"
"44975","142.049373000","10.0.128.215","255.255.255.255","UDP","860","Source port: 5566  Destination port: 7788"
"44980","142.054471000","10.0.128.212","255.255.255.255","UDP","860","Source port: 5566  Destination port: 7788"
"45429","142.986612000","0.0.0.0","255.255.255.255","UDP","775","Source port: 5566  Destination port: 7788"
"50542","157.982408000","10.0.130.63","255.255.255.255","UDP","796","Source port: 5566  Destination port: 7788"
"50543","157.984421000","192.168.14.162","255.255.255.255","UDP","809","Source port: 5566  Destination port: 7788"
"50544","157.984422000","10.0.129.170","255.255.255.255","UDP","795","Source port: 5566  Destination port: 7788"
"50545","157.984422000","192.168.14.147","255.255.255.255","UDP","804","Source port: 5566  Destination port: 7788"
"50546","157.984422000","10.0.128.201","255.255.255.255","UDP","798","Source port: 5566  Destination port: 7788"
"50547","157.984423000","10.0.130.161","255.255.255.255","UDP","798","Source port: 5566  Destination port: 7788"
"50548","157.984424000","10.0.130.97","255.255.255.255","UDP","799","Source port: 5566  Destination port: 7788"
"50549","157.984424000","10.0.130.64","255.255.255.255","UDP","796","Source port: 5566  Destination port: 7788"
"50550","157.984425000","10.0.130.153","255.255.255.255","UDP","798","Source port: 5566  Destination port: 7788"
"50551","157.984425000","192.168.14.156","255.255.255.255","UDP","768","Source port: 5566  Destination port: 7788"
"50552","157.984426000","10.0.130.150","255.255.255.255","UDP","798","Source port: 5566  Destination port: 7788"
"50553","157.986421000","10.0.129.209","255.255.255.255","UDP","800","Source port: 5566  Destination port: 7788"
"50554","157.986422000","10.0.129.61","255.255.255.255","UDP","795","Source port: 5566  Destination port: 7788"
"50555","157.986422000","10.0.128.85","255.255.255.255","UDP","797","Source port: 5566  Destination port: 7788"
"50556","157.986423000","10.0.130.107","255.255.255.255","UDP","798","Source port: 5566  Destination port: 7788"
"50557","157.986423000","10.0.129.60","255.255.255.255","UDP","801","Source port: 5566  Destination port: 7788"
"50558","157.986424000","10.0.129.208","255.255.255.255","UDP","802","Source port: 5566  Destination port: 7788"
"50559","157.986425000","192.168.14.157","255.255.255.255","UDP","811","Source port: 5566  Destination port: 7788"
"50560","157.986425000","10.0.130.216","255.255.255.255","UDP","800","Source port: 5566  Destination port: 7788"
"50561","157.986426000","192.168.14.159","255.255.255.255","UDP","805","Source port: 5566  Destination port: 7788"
"50563","157.988413000","10.0.129.207","255.255.255.255","UDP","795","Source port: 5566  Destination port: 7788"
"50564","157.988413000","10.0.130.162","255.255.255.255","UDP","798","Source port: 5566  Destination port: 7788"
"50565","157.988413000","10.0.130.98","255.255.255.255","UDP","799","Source port: 5566  Destination port: 7788"
"50566","157.988414000","10.0.130.152","255.255.255.255","UDP","798","Source port: 5566  Destination port: 7788"
"50567","157.988414000","10.0.130.164","255.255.255.255","UDP","798","Source port: 5566  Destination port: 7788"
"50568","157.988415000","10.0.128.56","255.255.255.255","UDP","797","Source port: 5566  Destination port: 7788"
"50569","157.988415000","10.0.130.165","255.255.255.255","UDP","798","Source port: 5566  Destination port: 7788"
"50570","157.988416000","10.0.130.151","255.255.255.255","UDP","798","Source port: 5566  Destination port: 7788"
"50571","157.988416000","10.0.130.163","255.255.255.255","UDP","798","Source port: 5566  Destination port: 7788"
"50572","157.988486000","192.168.14.158","255.255.255.255","UDP","804","Source port: 5566  Destination port: 7788"
"50574","157.988487000","10.0.130.221","255.255.255.255","UDP","800","Source port: 5566  Destination port: 7788"
"50575","157.988487000","10.0.130.223","255.255.255.255","UDP","800","Source port: 5566  Destination port: 7788"
"50576","157.988488000","10.0.128.203","255.255.255.255","UDP","796","Source port: 5566  Destination port: 7788"
"50577","157.988488000","10.0.130.222","255.255.255.255","UDP","800","Source port: 5566  Destination port: 7788"
"50578","157.989105000","192.168.14.144","255.255.255.255","UDP","804","Source port: 5566  Destination port: 7788"
"50579","157.989106000","10.0.130.149","255.255.255.255","UDP","798","Source port: 5566  Destination port: 7788"
"50580","157.990420000","10.0.130.220","255.255.255.255","UDP","800","Source port: 5566  Destination port: 7788"
"50589","157.999262000","10.0.130.44","255.255.255.255","UDP","798","Source port: 5566  Destination port: 7788"
"50595","158.001721000","192.168.14.143","255.255.255.255","UDP","804","Source port: 5566  Destination port: 7788"
"50597","158.003749000","10.0.128.119","255.255.255.255","UDP","782","Source port: 5566  Destination port: 7788"
"50602","158.006221000","10.0.128.217","255.255.255.255","UDP","859","Source port: 5566  Destination port: 7788"
"50603","158.006916000","10.0.128.69","255.255.255.255","UDP","870","Source port: 5566  Destination port: 7788"
"50604","158.007773000","10.0.130.43","255.255.255.255","UDP","788","Source port: 5566  Destination port: 7788"
"50611","158.015410000","10.0.128.121","255.255.255.255","UDP","871","Source port: 5566  Destination port: 7788"
"50612","158.017410000","10.0.128.93","255.255.255.255","UDP","773","Source port: 5566  Destination port: 7788"
"50613","158.017411000","10.0.128.156","255.255.255.255","UDP","871","Source port: 5566  Destination port: 7788"
"50614","158.017411000","10.0.128.212","255.255.255.255","UDP","860","Source port: 5566  Destination port: 7788"
"50619","158.022411000","10.0.128.215","255.255.255.255","UDP","860","Source port: 5566  Destination port: 7788"
"50630","158.028425000","10.0.128.220","255.255.255.255","UDP","859","Source port: 5566  Destination port: 7788"
"50641","158.042411000","10.0.128.209","255.255.255.255","UDP","860","Source port: 5566  Destination port: 7788"
"50673","158.059975000","10.0.128.216","255.255.255.255","UDP","870","Source port: 5566  Destination port: 7788"
"51164","158.987456000","0.0.0.0","255.255.255.255","UDP","775","Source port: 5566  Destination port: 7788"
"55297","173.992320000","10.0.130.164","255.255.255.255","UDP","798","Source port: 5566  Destination port: 7788"
"55298","173.993387000","10.0.130.97","255.255.255.255","UDP","799","Source port: 5566  Destination port: 7788"
"55299","173.993389000","10.0.128.201","255.255.255.255","UDP","798","Source port: 5566  Destination port: 7788"
"55300","173.993626000","10.0.130.163","255.255.255.255","UDP","798","Source port: 5566  Destination port: 7788"
"55302","173.993629000","10.0.128.203","255.255.255.255","UDP","796","Source port: 5566  Destination port: 7788"
"55303","173.993965000","10.0.130.153","255.255.255.255","UDP","798","Source port: 5566  Destination port: 7788"
"55304","173.993967000","10.0.130.63","255.255.255.255","UDP","796","Source port: 5566  Destination port: 7788"
"55305","173.994376000","192.168.14.157","255.255.255.255","UDP","811","Source port: 5566  Destination port: 7788"
"55306","173.994690000","10.0.130.64","255.255.255.255","UDP","796","Source port: 5566  Destination port: 7788"
"55308","173.994897000","10.0.130.162","255.255.255.255","UDP","798","Source port: 5566  Destination port: 7788"
"55309","173.995121000","192.168.14.162","255.255.255.255","UDP","809","Source port: 5566  Destination port: 7788"
"55311","173.995326000","10.0.129.61","255.255.255.255","UDP","795","Source port: 5566  Destination port: 7788"
"55312","173.995657000","192.168.14.143","255.255.255.255","UDP","804","Source port: 5566  Destination port: 7788"
"55313","173.995878000","10.0.129.209","255.255.255.255","UDP","800","Source port: 5566  Destination port: 7788"
"55314","173.995879000","192.168.14.156","255.255.255.255","UDP","768","Source port: 5566  Destination port: 7788"
"55315","173.995880000","10.0.130.152","255.255.255.255","UDP","798","Source port: 5566  Destination port: 7788"
"55316","173.995881000","10.0.130.221","255.255.255.255","UDP","800","Source port: 5566  Destination port: 7788"
"55317","173.995883000","10.0.130.107","255.255.255.255","UDP","798","Source port: 5566  Destination port: 7788"
"55318","173.996095000","10.0.129.208","255.255.255.255","UDP","802","Source port: 5566  Destination port: 7788"
"55319","173.996096000","10.0.128.56","255.255.255.255","UDP","797","Source port: 5566  Destination port: 7788"
"55321","173.996297000","10.0.130.150","255.255.255.255","UDP","798","Source port: 5566  Destination port: 7788"
"55322","173.996298000","10.0.128.85","255.255.255.255","UDP","797","Source port: 5566  Destination port: 7788"
"55323","173.996497000","10.0.130.216","255.255.255.255","UDP","800","Source port: 5566  Destination port: 7788"
"55324","173.996700000","10.0.130.223","255.255.255.255","UDP","800","Source port: 5566  Destination port: 7788"
"55325","173.996701000","10.0.129.207","255.255.255.255","UDP","795","Source port: 5566  Destination port: 7788"
"55326","173.996899000","10.0.130.98","255.255.255.255","UDP","799","Source port: 5566  Destination port: 7788"
"55327","173.997565000","192.168.14.147","255.255.255.255","UDP","804","Source port: 5566  Destination port: 7788"
"55328","173.997765000","10.0.130.161","255.255.255.255","UDP","798","Source port: 5566  Destination port: 7788"
"55329","173.998672000","10.0.130.149","255.255.255.255","UDP","798","Source port: 5566  Destination port: 7788"
"55330","173.998876000","10.0.129.170","255.255.255.255","UDP","795","Source port: 5566  Destination port: 7788"
"55332","173.999080000","192.168.14.158","255.255.255.255","UDP","804","Source port: 5566  Destination port: 7788"
"55333","173.999491000","10.0.130.220","255.255.255.255","UDP","800","Source port: 5566  Destination port: 7788"
"55335","174.000927000","192.168.14.144","255.255.255.255","UDP","804","Source port: 5566  Destination port: 7788"
"55337","174.001331000","10.0.130.151","255.255.255.255","UDP","798","Source port: 5566  Destination port: 7788"
"55338","174.005066000","10.0.130.222","255.255.255.255","UDP","800","Source port: 5566  Destination port: 7788"
"55342","174.007082000","10.0.130.43","255.255.255.255","UDP","788","Source port: 5566  Destination port: 7788"
"55345","174.011062000","192.168.14.159","255.255.255.255","UDP","805","Source port: 5566  Destination port: 7788"
"55347","174.011064000","10.0.130.44","255.255.255.255","UDP","798","Source port: 5566  Destination port: 7788"
"55357","174.021538000","10.0.128.217","255.255.255.255","UDP","859","Source port: 5566  Destination port: 7788"
"55360","174.023191000","10.0.128.156","255.255.255.255","UDP","871","Source port: 5566  Destination port: 7788"
"55361","174.023592000","10.0.128.119","255.255.255.255","UDP","782","Source port: 5566  Destination port: 7788"
"55363","174.024516000","10.0.128.93","255.255.255.255","UDP","773","Source port: 5566  Destination port: 7788"
"55364","174.024844000","10.0.128.121","255.255.255.255","UDP","871","Source port: 5566  Destination port: 7788"
"55366","174.027702000","10.0.128.220","255.255.255.255","UDP","859","Source port: 5566  Destination port: 7788"
"55367","174.028695000","10.0.128.215","255.255.255.255","UDP","860","Source port: 5566  Destination port: 7788"
"55368","174.029191000","10.0.128.216","255.255.255.255","UDP","870","Source port: 5566  Destination port: 7788"
"55369","174.030387000","10.0.128.209","255.255.255.255","UDP","860","Source port: 5566  Destination port: 7788"
"55374","174.035085000","10.0.128.212","255.255.255.255","UDP","860","Source port: 5566  Destination port: 7788"
"55375","174.037328000","10.0.128.69","255.255.255.255","UDP","870","Source port: 5566  Destination port: 7788"
"55872","174.999286000","0.0.0.0","255.255.255.255","UDP","775","Source port: 5566  Destination port: 7788"
